{"cameraMode":{"drawMode":0,"name":"Shaded","section":"Shading Mode"},"sceneLighting":true,"audioPlay":false,"sceneViewState":{"showFog":true,"showMaterialUpdate":false,"showSkybox":true,"showFlares":true,"showImageEffects":true,"showParticleSystems":true},"in2DMode":false,"pivot":{"x":-162.99781799316407,"y":-246.82994079589845,"z":287.7080993652344},"rotation":{"x":0.34829479455947878,"y":-0.6129840016365051,"z":0.3443260192871094,"w":0.6200082302093506},"size":174.13291931152345,"orthographic":false}