{"cameraMode":{"drawMode":0,"name":"Shaded","section":"Shading Mode"},"sceneLighting":false,"audioPlay":false,"sceneViewState":{"showFog":true,"showMaterialUpdate":false,"showSkybox":true,"showFlares":true,"showImageEffects":true,"showParticleSystems":true},"in2DMode":false,"pivot":{"x":-8.934778213500977,"y":0.750897228717804,"z":119.9052734375},"rotation":{"x":0.07450801879167557,"y":-0.38262811303138735,"z":0.030856000259518625,"w":0.9206559062004089},"size":2.384409189224243,"orthographic":false}