{"cameraMode":{"drawMode":0,"name":"Shaded","section":"Shading Mode"},"sceneLighting":false,"audioPlay":false,"sceneViewState":{"showFog":true,"showMaterialUpdate":false,"showSkybox":true,"showFlares":true,"showImageEffects":true,"showParticleSystems":true},"in2DMode":false,"pivot":{"x":-1.25,"y":0.8600000143051148,"z":101.06999969482422},"rotation":{"x":-0.06490889191627503,"y":-0.7489407062530518,"z":0.07419001311063767,"w":-0.6556566953659058},"size":5.500313758850098,"orthographic":false}