{"cameraMode":{"drawMode":0,"name":"Shaded","section":"Shading Mode"},"sceneLighting":true,"audioPlay":false,"sceneViewState":{"showFog":true,"showMaterialUpdate":false,"showSkybox":true,"showFlares":true,"showImageEffects":true,"showParticleSystems":true},"in2DMode":false,"pivot":{"x":-222.45864868164063,"y":-16.313613891601564,"z":47.64361572265625},"rotation":{"x":0.057277824729681018,"y":-0.5330849289894104,"z":0.036200977861881259,"w":0.843349039554596},"size":161.7772979736328,"orthographic":false}