{"cameraMode":{"drawMode":0,"name":"Shaded","section":"Shading Mode"},"sceneLighting":true,"audioPlay":false,"sceneViewState":{"showFog":true,"showMaterialUpdate":false,"showSkybox":true,"showFlares":true,"showImageEffects":true,"showParticleSystems":true},"in2DMode":false,"pivot":{"x":0.9599999785423279,"y":0.019999999552965165,"z":319.4800109863281},"rotation":{"x":-0.4169424772262573,"y":-0.395344614982605,"z":0.20826953649520875,"w":-0.7915741801261902},"size":2.169682264328003,"orthographic":false}