{"cameraMode":{"drawMode":0,"name":"Shaded","section":"Shading Mode"},"sceneLighting":false,"audioPlay":false,"sceneViewState":{"showFog":true,"showMaterialUpdate":false,"showSkybox":true,"showFlares":true,"showImageEffects":true,"showParticleSystems":true},"in2DMode":false,"pivot":{"x":5.644647598266602,"y":29.307462692260743,"z":76.42993927001953},"rotation":{"x":0.19552943110466004,"y":-0.6783079504966736,"z":0.19365862011909486,"w":0.681736171245575},"size":39.997928619384769,"orthographic":false}