{"cameraMode":{"drawMode":0,"name":"Shaded","section":"Shading Mode"},"sceneLighting":false,"audioPlay":false,"sceneViewState":{"showFog":true,"showMaterialUpdate":false,"showSkybox":true,"showFlares":true,"showImageEffects":true,"showParticleSystems":true},"in2DMode":false,"pivot":{"x":-4.940608501434326,"y":-1.5337536334991456,"z":197.95668029785157},"rotation":{"x":0.28238704800605776,"y":-0.006881324574351311,"z":0.002095014788210392,"w":0.9595516920089722},"size":4.518321990966797,"orthographic":false}