{"cameraMode":{"drawMode":0,"name":"Shaded","section":"Shading Mode"},"sceneLighting":true,"audioPlay":false,"sceneViewState":{"showFog":true,"showMaterialUpdate":false,"showSkybox":true,"showFlares":true,"showImageEffects":true,"showParticleSystems":true},"in2DMode":false,"pivot":{"x":-74.75293731689453,"y":-24.649456024169923,"z":292.82574462890627},"rotation":{"x":0.04941236600279808,"y":-0.12372449785470963,"z":0.006139830686151981,"w":0.9910905361175537},"size":155.08676147460938,"orthographic":false}
