{"cameraMode":{"drawMode":0,"name":"Shaded","section":"Shading Mode"},"sceneLighting":true,"audioPlay":false,"sceneViewState":{"showFog":true,"showMaterialUpdate":false,"showSkybox":true,"showFlares":true,"showImageEffects":true,"showParticleSystems":true},"in2DMode":false,"pivot":{"x":-0.7652220726013184,"y":-10.109654426574707,"z":57.52889633178711},"rotation":{"x":0.11257705837488175,"y":-0.0038520516827702524,"z":0.0004551990423351526,"w":0.9936851263046265},"size":33.69581604003906,"orthographic":false}