{"cameraMode":{"drawMode":0,"name":"Shaded","section":"Shading Mode"},"sceneLighting":true,"audioPlay":false,"sceneViewState":{"showFog":true,"showMaterialUpdate":false,"showSkybox":true,"showFlares":true,"showImageEffects":true,"showParticleSystems":true},"in2DMode":false,"pivot":{"x":9.826374053955079,"y":-26.874717712402345,"z":57.10559844970703},"rotation":{"x":-0.20532649755477906,"y":-0.06835145503282547,"z":0.014373579062521458,"w":-0.9762039184570313},"size":40.386924743652347,"orthographic":false}